{"count":1,"self":2523.0536704,"total":13569.7542949,"children":{"InitializeActuators":{"count":1,"self":0.0015118999999999998,"total":0.0015118999999999998,"children":null},"InitializeSensors":{"count":1,"self":0.001,"total":0.001,"children":null},"AgentSendState":{"count":10448971,"self":107.4744576,"total":151.2183168,"children":{"CollectObservations":{"count":2089795,"self":1.3178102999999999,"total":1.3178102999999999,"children":null},"WriteActionMask":{"count":2089795,"self":0.7680315,"total":0.7680315,"children":null},"RequestDecision":{"count":2089795,"self":5.1159636,"total":41.6580139,"children":{"AgentInfo.ToProto":{"count":2089795,"self":5.2194984,"total":36.5420504,"children":{"GenerateSensorData":{"count":2089795,"self":20.822248,"total":31.322552199999997,"children":{"RayPerceptionSensor.Perceive":{"count":2089795,"self":10.500304,"total":10.500304,"children":null}}}}}}}}},"DecideAction":{"count":10448971,"self":10885.1683328,"total":10885.1683084,"children":null},"AgentAct":{"count":10448971,"self":9.9022328,"total":9.9022329,"children":null},"AgentInfo.ToProto":{"count":24111,"self":0.056658299999999995,"total":0.4052308,"children":{"GenerateSensorData":{"count":24111,"self":0.22803199999999998,"total":0.3485725,"children":{"RayPerceptionSensor.Perceive":{"count":24111,"self":0.1205405,"total":0.1205405,"children":null}}}}}},"gauges":{"StereoMadness.CumulativeReward":{"count":24111,"max":466.499969,"min":-8.899987,"runningAverage":64.49787,"value":312.999878,"weightedAverage":252.283966}},"metadata":{"timer_format_version":"0.1.0","start_time_seconds":"1732168514","unity_version":"2023.2.20f1","command_line_arguments":"C:\\Program Files\\Unity\\Hub\\Editor\\2023.2.20f1\\Editor\\Unity.exe -projectpath C:\\UnityProjects\\HCI2025 -useHub -hubIPC -cloudEnvironment production","communication_protocol_version":"1.5.0","com.unity.ml-agents_version":"3.0.0","scene_name":"Club Step","end_time_seconds":"1732182084"}}